1783416232.558722;directorio_grabacion;SUJ1_0_2_2026_07_07-11_23_52
1783416763.0611317;directorio_grabacion;SUJ2_0_2_2026_07_07-11_32_43
1783416766.5602088;directorio_grabacion;SUJ2_0_2_2026_07_07-11_32_46
1783416772.5597234;directorio_grabacion;SUJ2_0_2_2026_07_07-11_32_52
1783416894.55907;directorio_grabacion;SUJ3_0_2_2026_07_07-11_34_54
1783416901.0603054;directorio_grabacion;SUJ3_0_2_2026_07_07-11_35_01
1783416910.5575511;directorio_grabacion;SUJ3_0_2_2026_07_07-11_35_10
1783420707.0591354;directorio_grabacion;SUJ3_0_2_2026_07_07-12_38_27
1783420709.060997;directorio_grabacion;SUJ3_0_2_2026_07_07-12_38_29
1783420712.057747;directorio_grabacion;SUJ3_0_0_2026_07_07-12_38_32
