1780307037.7969897;1780307037.7969728;./src/rosbag2_transport/recorder.cpp;subscribe_topic;20;569;Subscribed to topic '/rosout';rosbag2_recorder
1780307037.7982602;1780307037.7982402;./src/rosbag2_transport/recorder.cpp;subscribe_topic;20;569;Subscribed to topic '/events/write_split';rosbag2_recorder
1780307037.79843;1780307037.7984097;./src/rosbag2_transport/recorder.cpp;record;20;365;Recording...;rosbag2_recorder
1780307037.8665767;1780307037.787716;./src/rosbag2_transport/recorder.cpp;RecorderImpl;20;190;Press SPACE for pausing/resuming;rosbag2_recorder
1780307037.8666675;1780307037.795093;./src/rosbag2_transport/recorder.cpp;record;20;353;Listening for topics...;rosbag2_recorder
1780307037.8666728;1780307037.7951422;./src/rosbag2_transport/recorder.cpp;event_publisher_thread_main;20;371;Event publisher thread: Starting;rosbag2_recorder
1780307037.901892;1780307037.9018683;./src/rosbag2_transport/recorder.cpp;subscribe_topic;20;569;Subscribed to topic '/tactil_der';rosbag2_recorder
1780307037.9037814;1780307037.9037483;./src/rosbag2_transport/recorder.cpp;subscribe_topic;20;569;Subscribed to topic '/name_movil';rosbag2_recorder
1780307037.9062843;1780307037.9062617;./src/rosbag2_transport/recorder.cpp;subscribe_topic;20;569;Subscribed to topic '/tipo_exp';rosbag2_recorder
1780307037.9081562;1780307037.9081304;./src/rosbag2_transport/recorder.cpp;subscribe_topic;20;569;Subscribed to topic '/arduino_status';rosbag2_recorder
1780307037.9104261;1780307037.910398;./src/rosbag2_transport/recorder.cpp;subscribe_topic;20;569;Subscribed to topic '/name_movil_hash';rosbag2_recorder
1780307037.9118567;1780307037.9118352;./src/rosbag2_transport/recorder.cpp;subscribe_topic;20;569;Subscribed to topic '/tactil_izq';rosbag2_recorder
1780307037.9138293;1780307037.913806;./src/rosbag2_transport/recorder.cpp;subscribe_topic;20;569;Subscribed to topic '/modo_exp_int';rosbag2_recorder
1780307037.9151344;1780307037.9151158;./src/rosbag2_transport/recorder.cpp;subscribe_topic;20;569;Subscribed to topic '/modo_exp';rosbag2_recorder
1780307037.9167244;1780307037.9166992;./src/rosbag2_transport/recorder.cpp;subscribe_topic;20;569;Subscribed to topic '/Movil_status';rosbag2_recorder
1780307037.9186237;1780307037.9186013;./src/rosbag2_transport/recorder.cpp;subscribe_topic;20;569;Subscribed to topic '/tipo_exp_int';rosbag2_recorder
1780307037.9210591;1780307037.9210327;./src/rosbag2_transport/recorder.cpp;subscribe_topic;20;569;Subscribed to topic '/parameter_events';rosbag2_recorder
1780307037.9226248;1780307037.922603;./src/rosbag2_transport/recorder.cpp;subscribe_topic;20;569;Subscribed to topic '/Ejecucion';rosbag2_recorder
1780307037.961864;1780307030.651242;/home/samuchair/ros2_ws/install/samuchair/lib/python3.12/site-packages/samuchair/movilNode.py;timer_callback;20;276;Dato publicado Modo: Modo:2;Movil
1780307037.9618905;1780307030.653553;/home/samuchair/ros2_ws/install/samuchair/lib/python3.12/site-packages/samuchair/movilNode.py;timer_callback;20;281;Dato publicado Modo Int: 2;Movil
1780307037.9619145;1780307034.1515489;/home/samuchair/ros2_ws/install/samuchair/lib/python3.12/site-packages/samuchair/movilNode.py;timer_callback;20;300;Dato publicado Fase Ejecucion: 0;Movil
1780307037.9619193;1780307037.1513886;/home/samuchair/ros2_ws/install/samuchair/lib/python3.12/site-packages/samuchair/movilNode.py;timer_callback;20;300;Dato publicado Fase Ejecucion: 20;Movil
1780307038.1312392;1780307030.6518881;/home/samuchair/ros2_ws/install/samuchair/lib/python3.12/site-packages/samuchair/BagControlNode.py;nombre_callback;20;39;Nombre seleccionado: ./samuchair_bag/USUARIO1_0_2_2026_06_01-11_43_50;BagControlNode
1780307038.1312673;1780307037.1625955;/home/samuchair/ros2_ws/install/samuchair/lib/python3.12/site-packages/samuchair/BagControlNode.py;start_bag;20;58;Iniciando grabación: ./samuchair_bag/USUARIO1_0_2_2026_06_01-11_43_50;BagControlNode
1780307038.229165;1780307038.2291403;./src/rosbag2_transport/recorder.cpp;subscribe_topic;20;569;Subscribed to topic '/random_time';rosbag2_recorder
1780307038.2310839;1780307038.2310612;./src/rosbag2_transport/recorder.cpp;subscribe_topic;20;569;Subscribed to topic '/diff_time';rosbag2_recorder
1780307038.233955;1780307038.2328868;./src/rosbag2_transport/recorder.cpp;subscribe_topic;20;569;Subscribed to topic '/Headphones_status';rosbag2_recorder
1780307038.2357435;1780307038.2357175;./src/rosbag2_transport/recorder.cpp;subscribe_topic;20;569;Subscribed to topic '/Attended';rosbag2_recorder
1780307038.746509;1780307038.7464824;./src/rosbag2_transport/recorder.cpp;subscribe_topic;20;569;Subscribed to topic '/frame';rosbag2_recorder
1780307038.7494159;1780307038.7493854;./src/rosbag2_transport/recorder.cpp;subscribe_topic;20;569;Subscribed to topic '/webcam_status';rosbag2_recorder
1780307038.8520517;1780307038.8519652;/home/samuchair/ros2_ws/install/samuchair/lib/python3.12/site-packages/samuchair/webcamNode.py;timer_callback;20;112;Frame: 1;webcam
1780307038.852868;1780307038.8527777;/home/samuchair/ros2_ws/install/samuchair/lib/python3.12/site-packages/samuchair/webcamNode.py;timer_callback;20;121;Webcam : CONNECTED;webcam
1780307040.586469;1780307040.5864367;./src/rosbag2_transport/recorder.cpp;subscribe_topic;20;569;Subscribed to topic '/op_manual_asistida';rosbag2_recorder
1780307040.7923682;1780307040.7923412;./src/rosbag2_transport/recorder.cpp;subscribe_topic;20;569;Subscribed to topic '/directorio_grabacion';rosbag2_recorder
1780307040.7950509;1780307040.7950191;./src/rosbag2_transport/recorder.cpp;subscribe_topic;20;569;Subscribed to topic '/left_wheel_steps';rosbag2_recorder
1780307040.7979453;1780307040.7979193;./src/rosbag2_transport/recorder.cpp;subscribe_topic;20;569;Subscribed to topic '/esp32_status';rosbag2_recorder
1780307040.8011518;1780307040.801117;./src/rosbag2_transport/recorder.cpp;subscribe_topic;20;569;Subscribed to topic '/control_grabacion';rosbag2_recorder
1780307040.8035572;1780307040.8035262;./src/rosbag2_transport/recorder.cpp;subscribe_topic;20;569;Subscribed to topic '/pot_esp32';rosbag2_recorder
1780307040.8058543;1780307040.805477;./src/rosbag2_transport/recorder.cpp;subscribe_topic;20;569;Subscribed to topic '/right_wheel_steps';rosbag2_recorder
1780307040.840837;1780307034.152507;/home/samuchair/ros2_ws/install/samuchair/lib/python3.12/site-packages/samuchair/mainNode.py;callback_subMovilEjecucion;20;324;Comando Movil Ejecucion: 0;mainNode
1780307040.8408592;1780307037.1515217;/home/samuchair/ros2_ws/install/samuchair/lib/python3.12/site-packages/samuchair/mainNode.py;callback_subMovilEjecucion;20;324;Comando Movil Ejecucion: 20;mainNode
1780307040.853573;1780307040.8534896;/home/samuchair/ros2_ws/install/samuchair/lib/python3.12/site-packages/samuchair/webcamNode.py;timer_callback;20;112;Frame: 2;webcam
1780307040.8544657;1780307040.8543367;/home/samuchair/ros2_ws/install/samuchair/lib/python3.12/site-packages/samuchair/webcamNode.py;timer_callback;20;121;Webcam : CONNECTED;webcam
1780307040.9103386;1780307040.9103098;./src/rosbag2_transport/recorder.cpp;subscribe_topic;20;569;Subscribed to topic '/jBnode';rosbag2_recorder
1780307042.8532512;1780307042.8531654;/home/samuchair/ros2_ws/install/samuchair/lib/python3.12/site-packages/samuchair/webcamNode.py;timer_callback;20;112;Frame: 3;webcam
1780307042.8540893;1780307042.854013;/home/samuchair/ros2_ws/install/samuchair/lib/python3.12/site-packages/samuchair/webcamNode.py;timer_callback;20;121;Webcam : CONNECTED;webcam
1780307044.8525229;1780307044.852458;/home/samuchair/ros2_ws/install/samuchair/lib/python3.12/site-packages/samuchair/webcamNode.py;timer_callback;20;112;Frame: 4;webcam
1780307044.85339;1780307044.8532763;/home/samuchair/ros2_ws/install/samuchair/lib/python3.12/site-packages/samuchair/webcamNode.py;timer_callback;20;121;Webcam : CONNECTED;webcam
1780307046.8534613;1780307046.8533685;/home/samuchair/ros2_ws/install/samuchair/lib/python3.12/site-packages/samuchair/webcamNode.py;timer_callback;20;112;Frame: 5;webcam
1780307046.854301;1780307046.854209;/home/samuchair/ros2_ws/install/samuchair/lib/python3.12/site-packages/samuchair/webcamNode.py;timer_callback;20;121;Webcam : CONNECTED;webcam
1780307048.852602;1780307048.8525226;/home/samuchair/ros2_ws/install/samuchair/lib/python3.12/site-packages/samuchair/webcamNode.py;timer_callback;20;112;Frame: 6;webcam
1780307048.8533766;1780307048.8533058;/home/samuchair/ros2_ws/install/samuchair/lib/python3.12/site-packages/samuchair/webcamNode.py;timer_callback;20;121;Webcam : CONNECTED;webcam
1780307050.8532155;1780307050.853135;/home/samuchair/ros2_ws/install/samuchair/lib/python3.12/site-packages/samuchair/webcamNode.py;timer_callback;20;112;Frame: 7;webcam
1780307050.8540745;1780307050.8539999;/home/samuchair/ros2_ws/install/samuchair/lib/python3.12/site-packages/samuchair/webcamNode.py;timer_callback;20;121;Webcam : CONNECTED;webcam
1780307052.8528647;1780307052.8527865;/home/samuchair/ros2_ws/install/samuchair/lib/python3.12/site-packages/samuchair/webcamNode.py;timer_callback;20;112;Frame: 8;webcam
1780307052.853664;1780307052.8535807;/home/samuchair/ros2_ws/install/samuchair/lib/python3.12/site-packages/samuchair/webcamNode.py;timer_callback;20;121;Webcam : CONNECTED;webcam
1780307054.8532305;1780307054.8531547;/home/samuchair/ros2_ws/install/samuchair/lib/python3.12/site-packages/samuchair/webcamNode.py;timer_callback;20;112;Frame: 9;webcam
1780307054.8540857;1780307054.8540037;/home/samuchair/ros2_ws/install/samuchair/lib/python3.12/site-packages/samuchair/webcamNode.py;timer_callback;20;121;Webcam : CONNECTED;webcam
1780307056.8525534;1780307056.852476;/home/samuchair/ros2_ws/install/samuchair/lib/python3.12/site-packages/samuchair/webcamNode.py;timer_callback;20;112;Frame: 10;webcam
1780307056.8532016;1780307056.8531313;/home/samuchair/ros2_ws/install/samuchair/lib/python3.12/site-packages/samuchair/webcamNode.py;timer_callback;20;121;Webcam : CONNECTED;webcam
1780307058.8534288;1780307058.8533146;/home/samuchair/ros2_ws/install/samuchair/lib/python3.12/site-packages/samuchair/webcamNode.py;timer_callback;20;112;Frame: 11;webcam
1780307058.8542979;1780307058.8542035;/home/samuchair/ros2_ws/install/samuchair/lib/python3.12/site-packages/samuchair/webcamNode.py;timer_callback;20;121;Webcam : CONNECTED;webcam
1780307060.852813;1780307060.8527393;/home/samuchair/ros2_ws/install/samuchair/lib/python3.12/site-packages/samuchair/webcamNode.py;timer_callback;20;112;Frame: 12;webcam
1780307060.8536155;1780307060.8534243;/home/samuchair/ros2_ws/install/samuchair/lib/python3.12/site-packages/samuchair/webcamNode.py;timer_callback;20;121;Webcam : CONNECTED;webcam
1780307062.8531406;1780307062.8530626;/home/samuchair/ros2_ws/install/samuchair/lib/python3.12/site-packages/samuchair/webcamNode.py;timer_callback;20;112;Frame: 13;webcam
1780307062.8540485;1780307062.8538787;/home/samuchair/ros2_ws/install/samuchair/lib/python3.12/site-packages/samuchair/webcamNode.py;timer_callback;20;121;Webcam : CONNECTED;webcam
1780307063.2757528;1780307063.2756405;/home/samuchair/ros2_ws/install/samuchair/lib/python3.12/site-packages/samuchair/opasistidaNode.py;update_tactil_der;20;90;Dato publicado tactil derecha: 1;opasistidaNode
1780307063.5256603;1780307063.52555;/home/samuchair/ros2_ws/install/samuchair/lib/python3.12/site-packages/samuchair/opasistidaNode.py;update_tactil_izq;20;85;Dato publicado tactil izquierda: 1;opasistidaNode
1780307063.5757883;1780307063.5756795;/home/samuchair/ros2_ws/install/samuchair/lib/python3.12/site-packages/samuchair/opasistidaNode.py;update_tactil_der;20;90;Dato publicado tactil derecha: 0;opasistidaNode
1780307064.852984;1780307064.8528953;/home/samuchair/ros2_ws/install/samuchair/lib/python3.12/site-packages/samuchair/webcamNode.py;timer_callback;20;112;Frame: 14;webcam
1780307064.853631;1780307064.8535576;/home/samuchair/ros2_ws/install/samuchair/lib/python3.12/site-packages/samuchair/webcamNode.py;timer_callback;20;121;Webcam : CONNECTED;webcam
1780307065.5256732;1780307065.525574;/home/samuchair/ros2_ws/install/samuchair/lib/python3.12/site-packages/samuchair/opasistidaNode.py;update_tactil_der;20;90;Dato publicado tactil derecha: 1;opasistidaNode
1780307066.8522055;1780307066.8521328;/home/samuchair/ros2_ws/install/samuchair/lib/python3.12/site-packages/samuchair/webcamNode.py;timer_callback;20;112;Frame: 15;webcam
1780307066.853041;1780307066.8529637;/home/samuchair/ros2_ws/install/samuchair/lib/python3.12/site-packages/samuchair/webcamNode.py;timer_callback;20;121;Webcam : CONNECTED;webcam
1780307066.9259374;1780307066.9258134;/home/samuchair/ros2_ws/install/samuchair/lib/python3.12/site-packages/samuchair/opasistidaNode.py;update_tactil_izq;20;85;Dato publicado tactil izquierda: 0;opasistidaNode
1780307067.0755498;1780307067.075466;/home/samuchair/ros2_ws/install/samuchair/lib/python3.12/site-packages/samuchair/opasistidaNode.py;update_tactil_der;20;90;Dato publicado tactil derecha: 0;opasistidaNode
1780307067.2757087;1780307067.275601;/home/samuchair/ros2_ws/install/samuchair/lib/python3.12/site-packages/samuchair/opasistidaNode.py;update_tactil_izq;20;85;Dato publicado tactil izquierda: 1;opasistidaNode
1780307067.3765929;1780307067.375755;/home/samuchair/ros2_ws/install/samuchair/lib/python3.12/site-packages/samuchair/opasistidaNode.py;update_tactil_der;20;90;Dato publicado tactil derecha: 1;opasistidaNode
1780307068.852725;1780307068.8526576;/home/samuchair/ros2_ws/install/samuchair/lib/python3.12/site-packages/samuchair/webcamNode.py;timer_callback;20;112;Frame: 16;webcam
1780307068.8534749;1780307068.8533967;/home/samuchair/ros2_ws/install/samuchair/lib/python3.12/site-packages/samuchair/webcamNode.py;timer_callback;20;121;Webcam : CONNECTED;webcam
1780307070.8535066;1780307070.8534174;/home/samuchair/ros2_ws/install/samuchair/lib/python3.12/site-packages/samuchair/webcamNode.py;timer_callback;20;112;Frame: 17;webcam
1780307070.8543348;1780307070.8542502;/home/samuchair/ros2_ws/install/samuchair/lib/python3.12/site-packages/samuchair/webcamNode.py;timer_callback;20;121;Webcam : CONNECTED;webcam
1780307072.1757514;1780307072.1756423;/home/samuchair/ros2_ws/install/samuchair/lib/python3.12/site-packages/samuchair/opasistidaNode.py;update_tactil_der;20;90;Dato publicado tactil derecha: 0;opasistidaNode
1780307072.852791;1780307072.852714;/home/samuchair/ros2_ws/install/samuchair/lib/python3.12/site-packages/samuchair/webcamNode.py;timer_callback;20;112;Frame: 18;webcam
1780307072.8535395;1780307072.8534648;/home/samuchair/ros2_ws/install/samuchair/lib/python3.12/site-packages/samuchair/webcamNode.py;timer_callback;20;121;Webcam : CONNECTED;webcam
1780307073.2755988;1780307073.2755103;/home/samuchair/ros2_ws/install/samuchair/lib/python3.12/site-packages/samuchair/opasistidaNode.py;update_tactil_izq;20;85;Dato publicado tactil izquierda: 0;opasistidaNode
1780307073.5257423;1780307073.5256488;/home/samuchair/ros2_ws/install/samuchair/lib/python3.12/site-packages/samuchair/opasistidaNode.py;update_tactil_der;20;90;Dato publicado tactil derecha: 1;opasistidaNode
1780307073.625736;1780307073.6256337;/home/samuchair/ros2_ws/install/samuchair/lib/python3.12/site-packages/samuchair/opasistidaNode.py;update_tactil_izq;20;85;Dato publicado tactil izquierda: 1;opasistidaNode
1780307074.4757123;1780307074.475612;/home/samuchair/ros2_ws/install/samuchair/lib/python3.12/site-packages/samuchair/opasistidaNode.py;update_tactil_izq;20;85;Dato publicado tactil izquierda: 0;opasistidaNode
1780307074.5257401;1780307074.525635;/home/samuchair/ros2_ws/install/samuchair/lib/python3.12/site-packages/samuchair/opasistidaNode.py;update_tactil_der;20;90;Dato publicado tactil derecha: 0;opasistidaNode
1780307074.8530872;1780307074.8530157;/home/samuchair/ros2_ws/install/samuchair/lib/python3.12/site-packages/samuchair/webcamNode.py;timer_callback;20;112;Frame: 19;webcam
1780307074.8539329;1780307074.85384;/home/samuchair/ros2_ws/install/samuchair/lib/python3.12/site-packages/samuchair/webcamNode.py;timer_callback;20;121;Webcam : CONNECTED;webcam
1780307074.9758337;1780307074.975733;/home/samuchair/ros2_ws/install/samuchair/lib/python3.12/site-packages/samuchair/opasistidaNode.py;update_tactil_izq;20;85;Dato publicado tactil izquierda: 1;opasistidaNode
1780307075.0758343;1780307075.0757215;/home/samuchair/ros2_ws/install/samuchair/lib/python3.12/site-packages/samuchair/opasistidaNode.py;update_tactil_der;20;90;Dato publicado tactil derecha: 1;opasistidaNode
1780307076.8526924;1780307076.8526132;/home/samuchair/ros2_ws/install/samuchair/lib/python3.12/site-packages/samuchair/webcamNode.py;timer_callback;20;112;Frame: 20;webcam
1780307076.8534255;1780307076.8533466;/home/samuchair/ros2_ws/install/samuchair/lib/python3.12/site-packages/samuchair/webcamNode.py;timer_callback;20;121;Webcam : CONNECTED;webcam
1780307078.2757576;1780307078.2756462;/home/samuchair/ros2_ws/install/samuchair/lib/python3.12/site-packages/samuchair/opasistidaNode.py;update_tactil_izq;20;85;Dato publicado tactil izquierda: 0;opasistidaNode
1780307078.3757093;1780307078.3755748;/home/samuchair/ros2_ws/install/samuchair/lib/python3.12/site-packages/samuchair/opasistidaNode.py;update_tactil_der;20;90;Dato publicado tactil derecha: 0;opasistidaNode
1780307078.8533669;1780307078.8532922;/home/samuchair/ros2_ws/install/samuchair/lib/python3.12/site-packages/samuchair/webcamNode.py;timer_callback;20;112;Frame: 21;webcam
1780307078.8542483;1780307078.8541584;/home/samuchair/ros2_ws/install/samuchair/lib/python3.12/site-packages/samuchair/webcamNode.py;timer_callback;20;121;Webcam : CONNECTED;webcam
1780307080.8524199;1780307080.8523433;/home/samuchair/ros2_ws/install/samuchair/lib/python3.12/site-packages/samuchair/webcamNode.py;timer_callback;20;112;Frame: 22;webcam
1780307080.8531313;1780307080.8530653;/home/samuchair/ros2_ws/install/samuchair/lib/python3.12/site-packages/samuchair/webcamNode.py;timer_callback;20;121;Webcam : CONNECTED;webcam
1780307082.8530843;1780307082.8530054;/home/samuchair/ros2_ws/install/samuchair/lib/python3.12/site-packages/samuchair/webcamNode.py;timer_callback;20;112;Frame: 23;webcam
1780307082.853933;1780307082.8538296;/home/samuchair/ros2_ws/install/samuchair/lib/python3.12/site-packages/samuchair/webcamNode.py;timer_callback;20;121;Webcam : CONNECTED;webcam
1780307083.6515691;1780307083.6514459;/home/samuchair/ros2_ws/install/samuchair/lib/python3.12/site-packages/samuchair/movilNode.py;timer_callback;20;300;Dato publicado Fase Ejecucion: 9;Movil
1780307083.6526403;1780307083.6515598;/home/samuchair/ros2_ws/install/samuchair/lib/python3.12/site-packages/samuchair/mainNode.py;callback_subMovilEjecucion;20;324;Comando Movil Ejecucion: 9;mainNode
1780307084.85284;1780307084.852766;/home/samuchair/ros2_ws/install/samuchair/lib/python3.12/site-packages/samuchair/webcamNode.py;timer_callback;20;112;Frame: 24;webcam
1780307084.8535426;1780307084.8534725;/home/samuchair/ros2_ws/install/samuchair/lib/python3.12/site-packages/samuchair/webcamNode.py;timer_callback;20;121;Webcam : CONNECTED;webcam
1780307085.6527016;1780307085.6513793;/home/samuchair/ros2_ws/install/samuchair/lib/python3.12/site-packages/samuchair/movilNode.py;timer_callback;20;300;Dato publicado Fase Ejecucion: 30;Movil
1780307085.652728;1780307085.651623;/home/samuchair/ros2_ws/install/samuchair/lib/python3.12/site-packages/samuchair/mainNode.py;callback_subMovilEjecucion;20;324;Comando Movil Ejecucion: 30;mainNode
