timestamp_s;topic;value
1783418667.7284458;left_wheel_steps;0
1783418667.72868;right_wheel_steps;0
1783418668.728571;left_wheel_steps;0
1783418668.7288048;right_wheel_steps;0
1783418669.728603;left_wheel_steps;0
1783418669.7288609;right_wheel_steps;0
1783418670.7286165;left_wheel_steps;0
1783418670.7288501;right_wheel_steps;0
1783418671.728574;left_wheel_steps;0
1783418671.728812;right_wheel_steps;0
1783418672.7285652;left_wheel_steps;0
1783418672.7287767;right_wheel_steps;0
1783418673.7285967;left_wheel_steps;0
1783418673.7288334;right_wheel_steps;0
1783418674.7286127;left_wheel_steps;0
1783418674.728858;right_wheel_steps;0
1783418675.7285628;left_wheel_steps;0
1783418675.7287693;right_wheel_steps;0
1783418676.7285976;left_wheel_steps;0
1783418676.7288656;right_wheel_steps;0
1783418677.728598;left_wheel_steps;0
1783418677.7288785;right_wheel_steps;0
1783418678.7285995;left_wheel_steps;0
1783418678.7288623;right_wheel_steps;0
1783418679.7285662;left_wheel_steps;0
1783418679.7288167;right_wheel_steps;0
1783418680.728592;left_wheel_steps;0
1783418680.7288094;right_wheel_steps;0
1783418681.7286181;left_wheel_steps;0
1783418681.7288747;right_wheel_steps;0
1783418682.7286165;left_wheel_steps;0
1783418682.7288826;right_wheel_steps;0
1783418683.7285762;left_wheel_steps;0
1783418683.7288394;right_wheel_steps;0
1783418684.7286031;left_wheel_steps;0
1783418684.7288713;right_wheel_steps;0
1783418685.7285957;left_wheel_steps;0
1783418685.7288845;right_wheel_steps;0
1783418686.7285976;left_wheel_steps;0
1783418686.7288678;right_wheel_steps;0
1783418687.7286031;left_wheel_steps;0
1783418687.728877;right_wheel_steps;0
1783418688.728582;left_wheel_steps;0
1783418688.728844;right_wheel_steps;0
1783418689.7286007;left_wheel_steps;0
1783418689.7288709;right_wheel_steps;0
1783418690.7286162;left_wheel_steps;0
1783418690.7288787;right_wheel_steps;0
1783418691.7285743;left_wheel_steps;0
1783418691.7288244;right_wheel_steps;0
1783418692.7285745;left_wheel_steps;0
1783418692.7288446;right_wheel_steps;0
1783418693.7286067;left_wheel_steps;0
1783418693.7288687;right_wheel_steps;0
1783418694.7286398;left_wheel_steps;0
1783418694.7289083;right_wheel_steps;0
1783418695.7285714;left_wheel_steps;0
1783418695.72884;right_wheel_steps;0
1783418696.728603;left_wheel_steps;0
1783418696.728846;right_wheel_steps;0
1783418697.7284472;left_wheel_steps;0
1783418697.7286541;right_wheel_steps;0
1783418698.7286098;left_wheel_steps;0
1783418698.7288606;right_wheel_steps;0
1783418699.7285652;left_wheel_steps;0
1783418699.7287617;right_wheel_steps;0
1783418700.728592;left_wheel_steps;0
1783418700.7288396;right_wheel_steps;0
1783418701.7285872;left_wheel_steps;0
1783418701.7287736;right_wheel_steps;0
1783418702.7286072;left_wheel_steps;0
1783418702.7288496;right_wheel_steps;0
1783418703.7285542;left_wheel_steps;0
1783418703.7287617;right_wheel_steps;0
1783418704.7285993;left_wheel_steps;0
1783418704.7288294;right_wheel_steps;0
1783418705.7285712;left_wheel_steps;0
1783418705.7288039;right_wheel_steps;0
1783418706.7285256;left_wheel_steps;0
1783418706.7287276;right_wheel_steps;0
1783418707.7286158;left_wheel_steps;0
1783418707.728855;right_wheel_steps;0
1783418708.7286444;left_wheel_steps;0
1783418708.7288775;right_wheel_steps;0
1783418709.7286487;left_wheel_steps;0
1783418709.7288888;right_wheel_steps;0
1783418710.7288163;left_wheel_steps;0
1783418710.7290535;right_wheel_steps;0
1783418711.7286732;left_wheel_steps;0
1783418711.728936;right_wheel_steps;0
1783418712.7286222;left_wheel_steps;0
1783418712.7288885;right_wheel_steps;0
1783418713.7286122;left_wheel_steps;0
1783418713.7288687;right_wheel_steps;0
1783418714.7286518;left_wheel_steps;0
1783418714.7289202;right_wheel_steps;0
1783418715.7285929;left_wheel_steps;0
1783418715.7288456;right_wheel_steps;0
1783418716.7286046;left_wheel_steps;0
1783418716.728843;right_wheel_steps;0
1783418717.7286248;left_wheel_steps;0
1783418717.7288678;right_wheel_steps;0
1783418718.728702;left_wheel_steps;0
1783418718.7289858;right_wheel_steps;0
1783418719.7285872;left_wheel_steps;0
1783418719.7288463;right_wheel_steps;0
1783418720.7285798;left_wheel_steps;0
1783418720.728837;right_wheel_steps;0
1783418721.7285793;left_wheel_steps;0
1783418721.7288387;right_wheel_steps;0
1783418722.7286646;left_wheel_steps;0
1783418722.7289205;right_wheel_steps;0
1783418723.7285726;left_wheel_steps;0
1783418723.7288246;right_wheel_steps;0
1783418724.7285933;left_wheel_steps;0
1783418724.7288468;right_wheel_steps;0
1783418725.7285469;left_wheel_steps;0
1783418725.7287729;right_wheel_steps;0
1783418726.728596;left_wheel_steps;0
1783418726.7288358;right_wheel_steps;0
1783418727.7284245;left_wheel_steps;0
1783418727.7286642;right_wheel_steps;0
1783418728.7285683;left_wheel_steps;0
1783418728.7288141;right_wheel_steps;0
1783418729.7286077;left_wheel_steps;0
1783418729.728867;right_wheel_steps;0
1783418730.7286053;left_wheel_steps;0
1783418730.728865;right_wheel_steps;0
1783418731.7285697;left_wheel_steps;0
1783418731.7288191;right_wheel_steps;0
1783418732.728571;left_wheel_steps;0
1783418732.7288256;right_wheel_steps;0
1783418733.7286136;left_wheel_steps;0
1783418733.7288692;right_wheel_steps;0
1783418734.728634;left_wheel_steps;0
1783418734.7288988;right_wheel_steps;0
1783418735.7285771;left_wheel_steps;0
1783418735.7288196;right_wheel_steps;0
1783418736.7286062;left_wheel_steps;0
1783418736.7288625;right_wheel_steps;0
1783418737.7285998;left_wheel_steps;0
1783418737.7288637;right_wheel_steps;0
1783418738.7286093;left_wheel_steps;0
1783418738.7288632;right_wheel_steps;0
1783418739.7285852;left_wheel_steps;0
1783418739.728837;right_wheel_steps;0
1783418740.728567;left_wheel_steps;0
1783418740.7288308;right_wheel_steps;0
1783418741.728613;left_wheel_steps;0
1783418741.728863;right_wheel_steps;0
1783418742.7286232;left_wheel_steps;0
1783418742.7288961;right_wheel_steps;0
1783418743.7285407;left_wheel_steps;0
1783418743.728744;right_wheel_steps;0
1783418744.7286065;left_wheel_steps;0
1783418744.7288702;right_wheel_steps;0
1783418745.7286074;left_wheel_steps;0
1783418745.7288704;right_wheel_steps;0
1783418746.7287312;left_wheel_steps;0
1783418746.7289748;right_wheel_steps;0
1783418747.7286348;left_wheel_steps;0
1783418747.728883;right_wheel_steps;0
1783418748.7286265;left_wheel_steps;0
1783418748.7289045;right_wheel_steps;0
1783418749.7286797;left_wheel_steps;0
1783418749.7289407;right_wheel_steps;0
1783418750.7286217;left_wheel_steps;0
1783418750.7288835;right_wheel_steps;0
1783418751.728543;left_wheel_steps;0
1783418751.728767;right_wheel_steps;0
1783418752.7285671;left_wheel_steps;0
1783418752.7288258;right_wheel_steps;0
1783418753.7286131;left_wheel_steps;0
1783418753.728883;right_wheel_steps;0
1783418754.7286339;left_wheel_steps;0
1783418754.7289069;right_wheel_steps;0
1783418755.7285228;left_wheel_steps;0
1783418755.7287483;right_wheel_steps;0
1783418756.7285967;left_wheel_steps;0
1783418756.728862;right_wheel_steps;0
1783418757.7285395;left_wheel_steps;0
1783418757.728766;right_wheel_steps;0
1783418758.7285945;left_wheel_steps;0
1783418758.7288573;right_wheel_steps;0
1783418759.7286005;left_wheel_steps;0
1783418759.7288604;right_wheel_steps;0
1783418760.7285995;left_wheel_steps;0
1783418760.7288742;right_wheel_steps;0
1783418761.728604;left_wheel_steps;0
1783418761.728863;right_wheel_steps;0
1783418762.7286034;left_wheel_steps;0
1783418762.7288706;right_wheel_steps;0
1783418763.7285597;left_wheel_steps;0
1783418763.7287798;right_wheel_steps;0
1783418764.7285936;left_wheel_steps;0
1783418764.7288258;right_wheel_steps;0
1783418765.7286174;left_wheel_steps;0
1783418765.728885;right_wheel_steps;0
1783418766.7286222;left_wheel_steps;0
1783418766.7288935;right_wheel_steps;0
1783418767.7285945;left_wheel_steps;0
1783418767.7288568;right_wheel_steps;0
1783418768.728597;left_wheel_steps;0
1783418768.7288628;right_wheel_steps;0
1783418769.7286317;left_wheel_steps;0
1783418769.7289114;right_wheel_steps;0
1783418770.728656;left_wheel_steps;0
1783418770.7289202;right_wheel_steps;0
1783418771.7286108;left_wheel_steps;0
1783418771.7288663;right_wheel_steps;0
1783418772.7286065;left_wheel_steps;0
1783418772.7288609;right_wheel_steps;0
1783418773.728585;left_wheel_steps;0
1783418773.728848;right_wheel_steps;0
1783418774.728633;left_wheel_steps;0
1783418774.7289007;right_wheel_steps;0
1783418775.7285311;left_wheel_steps;0
1783418775.7287562;right_wheel_steps;0
1783418776.728602;left_wheel_steps;0
1783418776.7288585;right_wheel_steps;0
1783418777.7285905;left_wheel_steps;0
1783418777.728842;right_wheel_steps;0
1783418778.7286036;left_wheel_steps;0
1783418778.7288613;right_wheel_steps;0
1783418779.7285707;left_wheel_steps;0
1783418779.7288084;right_wheel_steps;0
1783418780.728623;left_wheel_steps;0
1783418780.7288697;right_wheel_steps;0
1783418781.7286115;left_wheel_steps;0
1783418781.7288733;right_wheel_steps;0
1783418782.7286072;left_wheel_steps;0
1783418782.728869;right_wheel_steps;0
1783418783.7285886;left_wheel_steps;0
1783418783.728836;right_wheel_steps;0
1783418784.7286074;left_wheel_steps;0
1783418784.7288857;right_wheel_steps;0
1783418785.7286332;left_wheel_steps;0
1783418785.728866;right_wheel_steps;0
1783418786.7286193;left_wheel_steps;0
1783418786.7288692;right_wheel_steps;0
1783418787.7286355;left_wheel_steps;0
1783418787.7288923;right_wheel_steps;0
1783418788.728668;left_wheel_steps;0
1783418788.7289166;right_wheel_steps;0
1783418789.7287161;left_wheel_steps;0
1783418789.7289767;right_wheel_steps;0
1783418790.7286642;left_wheel_steps;0
1783418790.7289433;right_wheel_steps;0
1783418791.728611;left_wheel_steps;0
1783418791.7288678;right_wheel_steps;0
1783418792.7286537;left_wheel_steps;0
1783418792.7289417;right_wheel_steps;0
1783418793.7287397;left_wheel_steps;0
1783418793.7289758;right_wheel_steps;0
1783418794.7286892;left_wheel_steps;0
1783418794.7288954;right_wheel_steps;0
1783418795.7289436;left_wheel_steps;0
1783418795.729213;right_wheel_steps;0
1783418796.7286134;left_wheel_steps;0
1783418796.7289286;right_wheel_steps;0
1783418797.728586;left_wheel_steps;0
1783418797.728898;right_wheel_steps;0
1783418798.7286046;left_wheel_steps;0
1783418798.7288454;right_wheel_steps;0
1783418799.7285688;left_wheel_steps;0
1783418799.7287767;right_wheel_steps;0
1783418800.7285812;left_wheel_steps;0
1783418800.7288396;right_wheel_steps;0
1783418801.728595;left_wheel_steps;0
1783418801.728864;right_wheel_steps;0
1783418802.7286155;left_wheel_steps;0
1783418802.7288601;right_wheel_steps;0
1783418803.7285826;left_wheel_steps;0
1783418803.7288218;right_wheel_steps;0
1783418804.728582;left_wheel_steps;0
1783418804.728822;right_wheel_steps;0
1783418805.7285876;left_wheel_steps;0
1783418805.7288315;right_wheel_steps;0
1783418806.728593;left_wheel_steps;0
1783418806.728803;right_wheel_steps;0
1783418807.7285883;left_wheel_steps;0
1783418807.7288127;right_wheel_steps;0
1783418808.7286086;left_wheel_steps;0
1783418808.7288656;right_wheel_steps;0
1783418809.7286093;left_wheel_steps;0
1783418809.7288694;right_wheel_steps;0
1783418810.7286303;left_wheel_steps;0
1783418810.7288902;right_wheel_steps;0
1783418811.7286296;pot_esp32;7
1783418811.7289085;left_wheel_steps;0
1783418811.7302904;right_wheel_steps;0
1783418812.728658;pot_esp32;8
1783418812.7289286;left_wheel_steps;0
1783418812.72908;right_wheel_steps;0
1783418813.7285995;left_wheel_steps;0
1783418813.728832;right_wheel_steps;0
1783418814.7286525;left_wheel_steps;0
1783418814.7289;right_wheel_steps;0
1783418815.7285752;left_wheel_steps;0
1783418815.7288153;right_wheel_steps;0
1783418816.7285933;left_wheel_steps;0
1783418816.7288587;right_wheel_steps;0
1783418817.7284622;left_wheel_steps;0
1783418817.728664;right_wheel_steps;0
1783418818.7286057;left_wheel_steps;0
1783418818.7288556;right_wheel_steps;0
1783418819.7286148;left_wheel_steps;0
1783418819.728855;right_wheel_steps;0
1783418820.7285922;left_wheel_steps;0
1783418820.7288206;right_wheel_steps;0
1783418821.7286131;left_wheel_steps;0
1783418821.7288542;right_wheel_steps;0
1783418822.7286212;left_wheel_steps;0
1783418822.728932;right_wheel_steps;0
1783418823.7285445;left_wheel_steps;0
1783418823.7287607;right_wheel_steps;0
1783418824.728588;left_wheel_steps;0
1783418824.7288568;right_wheel_steps;0
1783418825.7285438;left_wheel_steps;0
1783418825.7287307;right_wheel_steps;0
1783418826.7286258;left_wheel_steps;0
1783418826.7288597;right_wheel_steps;0
1783418827.7285726;left_wheel_steps;0
1783418827.7287676;right_wheel_steps;0
1783418828.7287116;left_wheel_steps;0
1783418828.7289677;right_wheel_steps;0
1783418829.7286305;left_wheel_steps;0
1783418829.7288995;right_wheel_steps;0
1783418830.728627;left_wheel_steps;0
1783418830.728891;right_wheel_steps;0
1783418831.7286272;left_wheel_steps;0
1783418831.7288957;right_wheel_steps;0
1783418832.7286918;left_wheel_steps;0
1783418832.7289808;right_wheel_steps;0
1783418833.728589;left_wheel_steps;0
1783418833.7288518;right_wheel_steps;0
1783418834.7286398;left_wheel_steps;0
1783418834.7288976;right_wheel_steps;0
1783418835.7285972;left_wheel_steps;0
1783418835.7288573;right_wheel_steps;0
1783418836.7285903;left_wheel_steps;0
1783418836.7288382;right_wheel_steps;0
1783418837.7286336;left_wheel_steps;0
1783418837.7288768;right_wheel_steps;0
1783418838.7286446;left_wheel_steps;0
1783418838.7289774;right_wheel_steps;0
1783418839.7286031;left_wheel_steps;0
1783418839.7289264;right_wheel_steps;0
1783418840.7285972;left_wheel_steps;0
1783418840.7289155;right_wheel_steps;0
1783418841.728607;left_wheel_steps;0
1783418841.728848;right_wheel_steps;0
1783418842.7286055;left_wheel_steps;0
1783418842.7288542;right_wheel_steps;0
1783418843.7286143;left_wheel_steps;0
1783418843.728853;right_wheel_steps;0
1783418844.7286181;left_wheel_steps;0
1783418844.7288802;right_wheel_steps;0
1783418845.728571;left_wheel_steps;0
1783418845.7288291;right_wheel_steps;0
1783418846.7286193;left_wheel_steps;0
1783418846.72888;right_wheel_steps;0
1783418847.7285182;left_wheel_steps;0
1783418847.7287385;right_wheel_steps;0
1783418848.7285829;left_wheel_steps;0
1783418848.7287998;right_wheel_steps;0
1783418849.728627;left_wheel_steps;0
1783418849.7288833;right_wheel_steps;0
1783418850.7286181;left_wheel_steps;0
1783418850.7288795;right_wheel_steps;0
1783418851.7285814;left_wheel_steps;0
1783418851.7288451;right_wheel_steps;0
1783418852.728584;left_wheel_steps;0
1783418852.7288518;right_wheel_steps;0
1783418853.7285852;left_wheel_steps;0
1783418853.728914;right_wheel_steps;0
1783418854.7286286;left_wheel_steps;0
1783418854.7288778;right_wheel_steps;0
1783418855.728597;left_wheel_steps;0
1783418855.7288535;right_wheel_steps;0
1783418856.728601;left_wheel_steps;0
1783418856.7288704;right_wheel_steps;0
1783418857.7285788;left_wheel_steps;0
1783418857.7288396;right_wheel_steps;0
1783418858.7285976;left_wheel_steps;0
1783418858.7288637;right_wheel_steps;0
1783418859.7285697;left_wheel_steps;0
1783418859.7287757;right_wheel_steps;0
1783418860.728598;left_wheel_steps;0
1783418860.7288394;right_wheel_steps;0
1783418861.728608;left_wheel_steps;0
1783418861.728852;right_wheel_steps;0
1783418862.7286146;left_wheel_steps;0
1783418862.7288945;right_wheel_steps;0
1783418863.7286098;left_wheel_steps;0
1783418863.7288678;right_wheel_steps;0
1783418864.7286544;left_wheel_steps;0
1783418864.7289147;right_wheel_steps;0
1783418865.7286897;left_wheel_steps;0
1783418865.7289526;right_wheel_steps;0
1783418866.7287214;left_wheel_steps;0
1783418866.7289822;right_wheel_steps;0
1783418867.7285974;left_wheel_steps;0
1783418867.7288365;right_wheel_steps;0
1783418868.7286284;left_wheel_steps;0
1783418868.7288976;right_wheel_steps;0
1783418869.7286422;left_wheel_steps;0
1783418869.728897;right_wheel_steps;0
1783418870.7286901;left_wheel_steps;0
1783418870.728948;right_wheel_steps;0
1783418871.728626;left_wheel_steps;0
1783418871.7288697;right_wheel_steps;0
1783418872.7285519;left_wheel_steps;0
1783418872.728751;right_wheel_steps;0
1783418873.7287135;left_wheel_steps;0
1783418873.7289674;right_wheel_steps;0
1783418874.7286274;left_wheel_steps;0
1783418874.728947;right_wheel_steps;0
1783418875.728581;left_wheel_steps;0
1783418875.7288396;right_wheel_steps;0
1783418876.7285695;left_wheel_steps;0
1783418876.7288315;right_wheel_steps;0
1783418877.7285497;left_wheel_steps;0
1783418877.728769;right_wheel_steps;0
1783418878.7286167;left_wheel_steps;0
1783418878.7288592;right_wheel_steps;0
1783418879.7285566;left_wheel_steps;0
1783418879.7287576;right_wheel_steps;0
1783418880.7286816;left_wheel_steps;0
1783418880.7289433;right_wheel_steps;0
1783418881.728675;left_wheel_steps;0
1783418881.7289279;right_wheel_steps;0
1783418882.728703;left_wheel_steps;0
1783418882.728973;right_wheel_steps;0
1783418883.7285593;left_wheel_steps;0
1783418883.7288842;right_wheel_steps;0
1783418884.7285964;left_wheel_steps;0
1783418884.7289407;right_wheel_steps;0
1783418885.7285852;left_wheel_steps;0
1783418885.7289317;right_wheel_steps;0
1783418886.7286253;left_wheel_steps;0
1783418886.7289677;right_wheel_steps;0
1783418887.728604;left_wheel_steps;0
1783418887.7288759;right_wheel_steps;0
1783418888.728592;left_wheel_steps;0
1783418888.7288327;right_wheel_steps;0
1783418889.728628;left_wheel_steps;0
1783418889.728894;right_wheel_steps;0
1783418890.7286859;left_wheel_steps;0
1783418890.7289252;right_wheel_steps;0
1783418891.7285829;left_wheel_steps;0
1783418891.728842;right_wheel_steps;0
1783418892.728613;left_wheel_steps;0
1783418892.7288697;right_wheel_steps;0
1783418893.7285628;left_wheel_steps;0
1783418893.728831;right_wheel_steps;0
1783418894.7286332;left_wheel_steps;0
1783418894.7288837;right_wheel_steps;0
1783418895.7285733;left_wheel_steps;0
1783418895.7288492;right_wheel_steps;0
1783418896.7285788;left_wheel_steps;0
1783418896.7288363;right_wheel_steps;0
1783418897.7285619;left_wheel_steps;0
1783418897.7288158;right_wheel_steps;0
1783418898.7286286;left_wheel_steps;0
1783418898.7288923;right_wheel_steps;0
1783418899.7285593;left_wheel_steps;0
1783418899.7288034;right_wheel_steps;0
1783418900.728581;left_wheel_steps;0
1783418900.728831;right_wheel_steps;0
1783418901.728596;left_wheel_steps;0
1783418901.728864;right_wheel_steps;0
1783418902.7285995;left_wheel_steps;0
1783418902.7288654;right_wheel_steps;0
1783418903.7285821;left_wheel_steps;0
1783418903.728849;right_wheel_steps;0
1783418904.7285984;left_wheel_steps;0
1783418904.7288623;right_wheel_steps;0
1783418905.7285662;left_wheel_steps;0
1783418905.7288225;right_wheel_steps;0
1783418906.728639;left_wheel_steps;0
1783418906.7288985;right_wheel_steps;0
1783418907.728501;left_wheel_steps;0
1783418907.7287247;right_wheel_steps;0
1783418908.7285788;left_wheel_steps;0
1783418908.7288392;right_wheel_steps;0
1783418909.728623;left_wheel_steps;0
1783418909.7288775;right_wheel_steps;0
1783418910.7287343;left_wheel_steps;0
1783418910.7289696;right_wheel_steps;0
1783418911.7286842;left_wheel_steps;0
1783418911.7289245;right_wheel_steps;0
1783418912.7285905;left_wheel_steps;0
1783418912.728838;right_wheel_steps;0
1783418913.728593;left_wheel_steps;0
1783418913.7288296;right_wheel_steps;0
1783418914.7286158;left_wheel_steps;0
1783418914.7288594;right_wheel_steps;0
1783418915.7285905;left_wheel_steps;0
1783418915.728836;right_wheel_steps;0
1783418916.7285976;left_wheel_steps;0
1783418916.7288578;right_wheel_steps;0
1783418917.7285972;left_wheel_steps;0
1783418917.72884;right_wheel_steps;0
1783418918.7286139;left_wheel_steps;0
1783418918.728853;right_wheel_steps;0
1783418919.7285793;left_wheel_steps;0
1783418919.7288196;right_wheel_steps;0
1783418920.7286005;left_wheel_steps;0
1783418920.7288463;right_wheel_steps;0
1783418921.7286046;left_wheel_steps;0
1783418921.7288537;right_wheel_steps;0
1783418922.7286355;left_wheel_steps;0
1783418922.728874;right_wheel_steps;0
1783418923.7285776;left_wheel_steps;0
1783418923.7288203;right_wheel_steps;0
1783418924.7286563;left_wheel_steps;0
1783418924.7289324;right_wheel_steps;0
1783418925.728604;left_wheel_steps;0
1783418925.7288527;right_wheel_steps;0
1783418926.7286205;left_wheel_steps;0
1783418926.728856;right_wheel_steps;0
1783418927.7286181;left_wheel_steps;0
1783418927.728855;right_wheel_steps;0
1783418928.7286057;left_wheel_steps;0
1783418928.7288592;right_wheel_steps;0
1783418929.728611;left_wheel_steps;0
1783418929.7288458;right_wheel_steps;0
1783418930.7286136;left_wheel_steps;0
1783418930.7288518;right_wheel_steps;0
1783418931.7286053;left_wheel_steps;0
1783418931.7288494;right_wheel_steps;0
1783418932.7285852;left_wheel_steps;0
1783418932.728816;right_wheel_steps;0
1783418933.7286172;left_wheel_steps;0
1783418933.7288575;right_wheel_steps;0
1783418934.7286544;left_wheel_steps;0
1783418934.7288995;right_wheel_steps;0
1783418935.7285392;left_wheel_steps;0
1783418935.7287586;right_wheel_steps;0
1783418936.7286167;left_wheel_steps;0
1783418936.7288747;right_wheel_steps;0
1783418937.7285094;left_wheel_steps;0
1783418937.7287583;right_wheel_steps;0
1783418938.7286146;left_wheel_steps;0
1783418938.7288775;right_wheel_steps;0
1783418939.7286215;left_wheel_steps;0
1783418939.7288673;right_wheel_steps;0
1783418940.7286196;left_wheel_steps;0
1783418940.728873;right_wheel_steps;0
1783418941.728582;left_wheel_steps;0
1783418941.7288344;right_wheel_steps;0
1783418942.7286134;left_wheel_steps;0
1783418942.728856;right_wheel_steps;0
1783418943.7287388;left_wheel_steps;0
1783418943.7289882;right_wheel_steps;0
1783418944.728654;left_wheel_steps;0
1783418944.728919;right_wheel_steps;0
1783418945.728659;left_wheel_steps;0
1783418945.7289212;right_wheel_steps;0
1783418946.7286487;left_wheel_steps;0
1783418946.7289155;right_wheel_steps;0
1783418947.7285864;left_wheel_steps;0
1783418947.7288322;right_wheel_steps;0
1783418948.7286582;left_wheel_steps;0
1783418948.7289212;right_wheel_steps;0
1783418949.728671;left_wheel_steps;0
1783418949.728894;right_wheel_steps;0
1783418950.7285976;left_wheel_steps;0
1783418950.7288113;right_wheel_steps;0
1783418951.7286408;left_wheel_steps;0
1783418951.7288952;right_wheel_steps;0
1783418952.728587;left_wheel_steps;0
1783418952.728828;right_wheel_steps;0
1783418953.7286708;left_wheel_steps;0
1783418953.728914;right_wheel_steps;0
1783418954.7286339;left_wheel_steps;0
1783418954.7288806;right_wheel_steps;0
1783418955.7285912;left_wheel_steps;0
1783418955.728838;right_wheel_steps;0
1783418956.7285705;left_wheel_steps;0
1783418956.7288072;right_wheel_steps;0
1783418957.7285895;left_wheel_steps;0
1783418957.7288246;right_wheel_steps;0
1783418958.7286122;left_wheel_steps;0
1783418958.728869;right_wheel_steps;0
1783418959.7285542;left_wheel_steps;0
1783418959.7287498;right_wheel_steps;0
1783418960.7285795;left_wheel_steps;0
1783418960.728807;right_wheel_steps;0
1783418961.7285876;left_wheel_steps;0
1783418961.7288566;right_wheel_steps;0
1783418962.7285929;left_wheel_steps;0
1783418962.7288463;right_wheel_steps;0
1783418963.7285976;left_wheel_steps;0
1783418963.7288454;right_wheel_steps;0
1783418964.7286098;left_wheel_steps;0
1783418964.7288513;right_wheel_steps;0
1783418965.7285836;left_wheel_steps;0
1783418965.728854;right_wheel_steps;0
1783418966.7285893;left_wheel_steps;0
1783418966.728854;right_wheel_steps;0
1783418967.7284613;left_wheel_steps;0
1783418967.7286875;right_wheel_steps;0
1783418968.7285767;left_wheel_steps;0
1783418968.7288404;right_wheel_steps;0
1783418969.728614;left_wheel_steps;0
1783418969.7288742;right_wheel_steps;0
1783418970.7285998;left_wheel_steps;0
1783418970.7288573;right_wheel_steps;0
1783418971.728539;left_wheel_steps;0
1783418971.72876;right_wheel_steps;0
1783418972.7285888;left_wheel_steps;0
1783418972.7288399;right_wheel_steps;0
1783418973.7285929;left_wheel_steps;0
1783418973.7288496;right_wheel_steps;0
1783418974.728722;left_wheel_steps;0
1783418974.728986;right_wheel_steps;0
1783418975.728547;left_wheel_steps;0
1783418975.7287598;right_wheel_steps;0
1783418976.7285867;left_wheel_steps;0
1783418976.728856;right_wheel_steps;0
1783418977.7285929;left_wheel_steps;0
1783418977.7288601;right_wheel_steps;0
1783418978.7286124;left_wheel_steps;0
1783418978.7288527;right_wheel_steps;0
1783418979.7285974;left_wheel_steps;0
1783418979.7288756;right_wheel_steps;0
1783418980.728596;left_wheel_steps;0
1783418980.728847;right_wheel_steps;0
1783418981.7286024;left_wheel_steps;0
1783418981.728866;right_wheel_steps;0
1783418982.7286346;left_wheel_steps;0
1783418982.7288888;right_wheel_steps;0
1783418983.728576;left_wheel_steps;0
1783418983.7288356;right_wheel_steps;0
1783418984.7286;left_wheel_steps;0
1783418984.7288487;right_wheel_steps;0
1783418985.7285924;left_wheel_steps;0
1783418985.728861;right_wheel_steps;0
1783418986.7285843;left_wheel_steps;0
1783418986.7288494;right_wheel_steps;0
1783418987.7286005;left_wheel_steps;0
1783418987.728856;right_wheel_steps;0
1783418988.7285903;left_wheel_steps;0
1783418988.728862;right_wheel_steps;0
1783418989.7285984;left_wheel_steps;0
1783418989.7288563;right_wheel_steps;0
1783418990.7286084;left_wheel_steps;0
1783418990.7288501;right_wheel_steps;0
1783418991.7285893;left_wheel_steps;0
1783418991.7288501;right_wheel_steps;0
1783418992.7287169;left_wheel_steps;0
1783418992.7289708;right_wheel_steps;0
1783418993.728612;left_wheel_steps;0
1783418993.7288654;right_wheel_steps;0
1783418994.728608;left_wheel_steps;0
1783418994.7288659;right_wheel_steps;0
1783418995.7286863;left_wheel_steps;0
1783418995.7289462;right_wheel_steps;0
1783418996.7285948;left_wheel_steps;0
1783418996.7288666;right_wheel_steps;0
1783418997.7285023;left_wheel_steps;0
1783418997.7287266;right_wheel_steps;0
1783418998.7286096;left_wheel_steps;0
1783418998.7288635;right_wheel_steps;0
1783418999.7283802;left_wheel_steps;0
1783418999.7285545;right_wheel_steps;0
1783419000.7285876;left_wheel_steps;0
1783419000.7288742;right_wheel_steps;0
1783419001.7285807;left_wheel_steps;0
1783419001.7288384;right_wheel_steps;0
1783419002.7285995;left_wheel_steps;0
1783419002.728858;right_wheel_steps;0
1783419003.72861;left_wheel_steps;0
1783419003.7288723;right_wheel_steps;0
1783419004.7286017;left_wheel_steps;0
1783419004.7288625;right_wheel_steps;0
1783419005.7286139;left_wheel_steps;0
1783419005.7288785;right_wheel_steps;0
1783419006.7286227;left_wheel_steps;0
1783419006.7288837;right_wheel_steps;0
1783419007.728578;left_wheel_steps;0
1783419007.728844;right_wheel_steps;0
1783419008.7285688;left_wheel_steps;0
1783419008.7288125;right_wheel_steps;0
1783419009.728592;left_wheel_steps;0
1783419009.7288566;right_wheel_steps;0
1783419010.7285938;left_wheel_steps;0
1783419010.7288604;right_wheel_steps;0
1783419011.7286074;left_wheel_steps;0
1783419011.7288654;right_wheel_steps;0
1783419012.7285948;left_wheel_steps;0
1783419012.7288647;right_wheel_steps;0
1783419013.7285924;left_wheel_steps;0
1783419013.7288587;right_wheel_steps;0
1783419014.7286303;left_wheel_steps;0
1783419014.7288954;right_wheel_steps;0
1783419015.7285624;left_wheel_steps;0
1783419015.7288113;right_wheel_steps;0
1783419016.7285652;left_wheel_steps;0
1783419016.728775;right_wheel_steps;0
1783419017.728606;left_wheel_steps;0
1783419017.7288654;right_wheel_steps;0
1783419018.7286072;left_wheel_steps;0
1783419018.7288592;right_wheel_steps;0
1783419019.7286282;left_wheel_steps;0
1783419019.7288923;right_wheel_steps;0
1783419020.7286181;left_wheel_steps;0
1783419020.7288826;right_wheel_steps;0
1783419021.7287235;left_wheel_steps;0
1783419021.7290018;right_wheel_steps;0
1783419022.7286642;left_wheel_steps;0
1783419022.728927;right_wheel_steps;0
1783419023.7285905;left_wheel_steps;0
1783419023.7288332;right_wheel_steps;0
1783419024.7286274;left_wheel_steps;0
1783419024.728888;right_wheel_steps;0
1783419025.7286475;left_wheel_steps;0
1783419025.7289152;right_wheel_steps;0
1783419026.7286842;left_wheel_steps;0
1783419026.728934;right_wheel_steps;0
1783419027.7286723;left_wheel_steps;0
1783419027.7289279;right_wheel_steps;0
1783419028.7285628;left_wheel_steps;0
1783419028.7287536;right_wheel_steps;0
1783419029.7287633;left_wheel_steps;0
1783419029.7290328;right_wheel_steps;0
1783419030.728638;left_wheel_steps;0
1783419030.7288945;right_wheel_steps;0
1783419031.7285886;left_wheel_steps;0
1783419031.7288878;right_wheel_steps;0
1783419032.7286024;left_wheel_steps;0
1783419032.7288735;right_wheel_steps;0
1783419033.7286656;left_wheel_steps;0
1783419033.728928;right_wheel_steps;0
1783419034.7286468;left_wheel_steps;0
1783419034.728913;right_wheel_steps;0
1783419035.7286546;left_wheel_steps;0
1783419035.7288992;right_wheel_steps;0
1783419036.72868;left_wheel_steps;0
1783419036.7289357;right_wheel_steps;0
1783419037.728815;left_wheel_steps;0
1783419037.7290587;right_wheel_steps;0
1783419038.7287025;left_wheel_steps;0
1783419038.7289574;right_wheel_steps;0
1783419039.7286272;left_wheel_steps;0
1783419039.728871;right_wheel_steps;0
1783419040.7286582;left_wheel_steps;0
1783419040.728926;right_wheel_steps;0
1783419041.7286825;left_wheel_steps;0
1783419041.7289398;right_wheel_steps;0
1783419042.7286289;left_wheel_steps;0
1783419042.7290053;right_wheel_steps;0
1783419043.7285957;left_wheel_steps;0
1783419043.7289455;right_wheel_steps;0
1783419044.7285998;left_wheel_steps;0
1783419044.7289188;right_wheel_steps;0
1783419045.7285626;left_wheel_steps;0
1783419045.7288196;right_wheel_steps;0
1783419046.728584;left_wheel_steps;0
1783419046.7288404;right_wheel_steps;0
1783419047.728587;left_wheel_steps;0
1783419047.7288516;right_wheel_steps;0
1783419048.7286344;left_wheel_steps;0
1783419048.7289155;right_wheel_steps;0
1783419049.7286053;left_wheel_steps;0
1783419049.7288728;right_wheel_steps;0
1783419050.728603;left_wheel_steps;0
1783419050.7288647;right_wheel_steps;0
1783419051.7285502;left_wheel_steps;0
1783419051.7287712;right_wheel_steps;0
1783419052.7285635;left_wheel_steps;0
1783419052.7288203;right_wheel_steps;0
1783419053.728614;left_wheel_steps;0
1783419053.7288787;right_wheel_steps;0
1783419054.7286556;left_wheel_steps;0
1783419054.7289166;right_wheel_steps;0
1783419055.7285573;left_wheel_steps;0
1783419055.7288108;right_wheel_steps;0
1783419056.7285898;left_wheel_steps;0
1783419056.7288601;right_wheel_steps;0
1783419057.7285035;left_wheel_steps;0
1783419057.728731;right_wheel_steps;0
1783419058.728675;left_wheel_steps;0
1783419058.7289248;right_wheel_steps;0
1783419059.72856;left_wheel_steps;0
1783419059.7288113;right_wheel_steps;0
1783419060.7286034;left_wheel_steps;0
1783419060.728861;right_wheel_steps;0
1783419061.7285752;left_wheel_steps;0
1783419061.7288468;right_wheel_steps;0
1783419062.7286124;left_wheel_steps;0
1783419062.728881;right_wheel_steps;0
1783419063.7285502;left_wheel_steps;0
1783419063.7288287;right_wheel_steps;0
1783419064.728589;left_wheel_steps;0
1783419064.728859;right_wheel_steps;0
1783419065.728599;left_wheel_steps;0
1783419065.7288709;right_wheel_steps;0
1783419066.7286205;left_wheel_steps;0
1783419066.7288804;right_wheel_steps;0
1783419067.7285633;left_wheel_steps;0
1783419067.72883;right_wheel_steps;0
1783419068.7285957;left_wheel_steps;0
1783419068.7288594;right_wheel_steps;0
1783419069.7285984;left_wheel_steps;0
1783419069.7288601;right_wheel_steps;0
1783419070.7286065;left_wheel_steps;0
1783419070.728866;right_wheel_steps;0
1783419071.7285926;left_wheel_steps;0
1783419071.7288551;right_wheel_steps;0
1783419072.728599;left_wheel_steps;0
1783419072.7288675;right_wheel_steps;0
1783419073.7285712;left_wheel_steps;0
1783419073.7288258;right_wheel_steps;0
1783419074.728747;left_wheel_steps;0
1783419074.7289803;right_wheel_steps;0
1783419075.7285671;left_wheel_steps;0
1783419075.728831;right_wheel_steps;0
1783419076.7285683;left_wheel_steps;0
1783419076.7288294;right_wheel_steps;0
1783419077.7286;left_wheel_steps;0
1783419077.7288613;right_wheel_steps;0
1783419078.7286313;left_wheel_steps;0
1783419078.7288923;right_wheel_steps;0
1783419079.7286403;left_wheel_steps;0
1783419079.7288904;right_wheel_steps;0
1783419080.7285929;left_wheel_steps;0
1783419080.7288566;right_wheel_steps;0
1783419081.728594;left_wheel_steps;0
1783419081.7288527;right_wheel_steps;0
1783419082.7286098;left_wheel_steps;0
1783419082.72888;right_wheel_steps;0
1783419083.7286313;left_wheel_steps;0
1783419083.7289212;right_wheel_steps;0
1783419084.7286174;left_wheel_steps;0
1783419084.728895;right_wheel_steps;0
1783419085.7285936;left_wheel_steps;0
1783419085.7288578;right_wheel_steps;0
1783419086.728638;left_wheel_steps;0
1783419086.728896;right_wheel_steps;0
1783419087.7284973;left_wheel_steps;0
1783419087.7287147;right_wheel_steps;0
1783419088.7285807;left_wheel_steps;0
1783419088.7288377;right_wheel_steps;0
1783419089.7286162;left_wheel_steps;0
1783419089.7288773;right_wheel_steps;0
1783419090.7286563;left_wheel_steps;0
1783419090.7289193;right_wheel_steps;0
1783419091.7285745;left_wheel_steps;0
1783419091.7288256;right_wheel_steps;0
1783419092.7286034;left_wheel_steps;0
1783419092.7288659;right_wheel_steps;0
1783419093.7286575;left_wheel_steps;0
1783419093.7289133;right_wheel_steps;0
1783419094.728651;left_wheel_steps;0
1783419094.7289019;right_wheel_steps;0
1783419095.7286034;left_wheel_steps;0
1783419095.7288542;right_wheel_steps;0
1783419096.7286813;left_wheel_steps;0
1783419096.7289388;right_wheel_steps;0
1783419097.728677;left_wheel_steps;0
1783419097.728901;right_wheel_steps;0
1783419098.7286696;left_wheel_steps;0
1783419098.7289011;right_wheel_steps;0
1783419099.7287183;left_wheel_steps;0
1783419099.7289374;right_wheel_steps;0
1783419100.7286756;left_wheel_steps;0
1783419100.7289073;right_wheel_steps;0
1783419101.7287393;left_wheel_steps;0
1783419101.7289948;right_wheel_steps;0
1783419102.7287235;left_wheel_steps;0
1783419102.72898;right_wheel_steps;0
1783419103.7285914;left_wheel_steps;0
1783419103.728939;right_wheel_steps;0
1783419104.7286541;left_wheel_steps;0
1783419104.7289822;right_wheel_steps;0
1783419105.7286487;left_wheel_steps;0
1783419105.7290182;right_wheel_steps;0
1783419106.7286072;left_wheel_steps;0
1783419106.7288141;right_wheel_steps;0
1783419107.7288158;left_wheel_steps;0
1783419107.7291555;right_wheel_steps;0
1783419108.7285955;left_wheel_steps;0
1783419108.7288418;right_wheel_steps;0
1783419109.7285893;left_wheel_steps;0
1783419109.7288172;right_wheel_steps;0
1783419110.7286205;left_wheel_steps;0
1783419110.728866;right_wheel_steps;0
1783419111.728556;left_wheel_steps;0
1783419111.7288063;right_wheel_steps;0
1783419112.7285774;left_wheel_steps;0
1783419112.7288394;right_wheel_steps;0
1783419113.7285995;left_wheel_steps;0
1783419113.728842;right_wheel_steps;0
1783419114.72861;left_wheel_steps;0
1783419114.728843;right_wheel_steps;0
1783419115.7285566;left_wheel_steps;0
1783419115.7287743;right_wheel_steps;0
1783419116.7286024;left_wheel_steps;0
1783419116.7288506;right_wheel_steps;0
1783419117.7284424;left_wheel_steps;0
1783419117.7286506;right_wheel_steps;0
1783419118.7286062;left_wheel_steps;0
1783419118.728852;right_wheel_steps;0
1783419119.728614;left_wheel_steps;0
1783419119.728857;right_wheel_steps;0
1783419120.7286034;left_wheel_steps;0
1783419120.7288485;right_wheel_steps;0
1783419121.7286549;left_wheel_steps;0
1783419121.7288961;right_wheel_steps;0
1783419122.72861;left_wheel_steps;0
1783419122.7288558;right_wheel_steps;0
1783419123.7285585;left_wheel_steps;0
1783419123.7287657;right_wheel_steps;0
1783419124.7285872;left_wheel_steps;0
1783419124.7288356;right_wheel_steps;0
1783419125.7285912;left_wheel_steps;0
1783419125.7288353;right_wheel_steps;0
1783419126.7286093;left_wheel_steps;0
1783419126.7288878;right_wheel_steps;0
1783419127.7286055;left_wheel_steps;0
1783419127.7288718;right_wheel_steps;0
1783419128.7285733;left_wheel_steps;0
1783419128.728826;right_wheel_steps;0
1783419129.7286024;left_wheel_steps;0
1783419129.7288609;right_wheel_steps;0
1783419130.7285814;left_wheel_steps;0
1783419130.7288346;right_wheel_steps;0
1783419131.7285967;left_wheel_steps;0
1783419131.7288518;right_wheel_steps;0
1783419132.7285993;left_wheel_steps;0
1783419132.7288592;right_wheel_steps;0
1783419133.7285957;left_wheel_steps;0
1783419133.7288501;right_wheel_steps;0
1783419134.7286105;left_wheel_steps;0
1783419134.7288837;right_wheel_steps;0
1783419135.728591;left_wheel_steps;0
1783419135.7288876;right_wheel_steps;0
1783419136.7285814;left_wheel_steps;0
1783419136.7288227;right_wheel_steps;0
1783419137.728594;left_wheel_steps;0
1783419137.7288287;right_wheel_steps;0
1783419138.728609;left_wheel_steps;0
1783419138.7288504;right_wheel_steps;0
1783419139.728578;left_wheel_steps;0
1783419139.728814;right_wheel_steps;0
1783419140.728588;left_wheel_steps;0
1783419140.7288332;right_wheel_steps;0
1783419141.7285864;left_wheel_steps;0
1783419141.7288158;right_wheel_steps;0
1783419142.7286987;left_wheel_steps;0
1783419142.7289424;right_wheel_steps;0
1783419143.7285862;left_wheel_steps;0
1783419143.7288284;right_wheel_steps;0
1783419144.7286005;left_wheel_steps;0
1783419144.7288423;right_wheel_steps;0
1783419145.7285683;left_wheel_steps;0
1783419145.7288053;right_wheel_steps;0
1783419146.728614;left_wheel_steps;0
1783419146.7288618;right_wheel_steps;0
1783419147.7284145;left_wheel_steps;0
1783419147.7286243;right_wheel_steps;0
1783419148.7285802;left_wheel_steps;0
1783419148.7288206;right_wheel_steps;0
1783419149.7286155;left_wheel_steps;0
1783419149.7288542;right_wheel_steps;0
1783419150.7286336;left_wheel_steps;0
1783419150.7288735;right_wheel_steps;0
1783419151.7285454;left_wheel_steps;0
1783419151.728752;right_wheel_steps;0
1783419152.7285528;left_wheel_steps;0
1783419152.7288544;right_wheel_steps;0
1783419153.7286131;left_wheel_steps;0
1783419153.7288773;right_wheel_steps;0
1783419154.7286177;left_wheel_steps;0
1783419154.728855;right_wheel_steps;0
1783419155.728592;left_wheel_steps;0
1783419155.7288308;right_wheel_steps;0
1783419156.7287214;left_wheel_steps;0
1783419156.7289755;right_wheel_steps;0
1783419157.7286017;left_wheel_steps;0
1783419157.7288802;right_wheel_steps;0
1783419158.7286687;left_wheel_steps;0
1783419158.7289288;right_wheel_steps;0
1783419159.7286131;left_wheel_steps;0
1783419159.7288668;right_wheel_steps;0
1783419160.7286563;left_wheel_steps;0
1783419160.7289236;right_wheel_steps;0
1783419161.728669;left_wheel_steps;0
1783419161.728904;right_wheel_steps;0
1783419162.7286303;left_wheel_steps;0
1783419162.7288916;right_wheel_steps;0
1783419163.728665;left_wheel_steps;0
1783419163.7289243;right_wheel_steps;0
1783419164.7286112;left_wheel_steps;0
1783419164.72887;right_wheel_steps;0
1783419165.7286046;left_wheel_steps;0
1783419165.728867;right_wheel_steps;0
1783419166.7286723;left_wheel_steps;0
1783419166.7289386;right_wheel_steps;0
1783419167.7286816;left_wheel_steps;0
1783419167.7289517;right_wheel_steps;0
1783419168.728591;left_wheel_steps;0
1783419168.728937;right_wheel_steps;0
1783419169.7286248;left_wheel_steps;0
1783419169.728957;right_wheel_steps;0
1783419170.7286158;left_wheel_steps;0
1783419170.7289715;right_wheel_steps;0
1783419171.7285607;left_wheel_steps;0
1783419171.728885;right_wheel_steps;0
1783419172.728586;left_wheel_steps;0
1783419172.7288537;right_wheel_steps;0
1783419173.7286096;left_wheel_steps;0
1783419173.728902;right_wheel_steps;0
1783419174.7286296;left_wheel_steps;0
1783419174.728896;right_wheel_steps;0
1783419175.728604;left_wheel_steps;0
1783419175.7288508;right_wheel_steps;0
1783419176.728639;left_wheel_steps;0
1783419176.7289078;right_wheel_steps;0
1783419177.7286377;left_wheel_steps;0
1783419177.7288978;right_wheel_steps;0
1783419178.7286642;left_wheel_steps;0
1783419178.7289317;right_wheel_steps;0
1783419179.7286234;left_wheel_steps;0
1783419179.7288818;right_wheel_steps;0
1783419180.7286181;left_wheel_steps;0
1783419180.7288816;right_wheel_steps;0
1783419181.7286794;left_wheel_steps;0
1783419181.7289336;right_wheel_steps;0
1783419182.7286885;left_wheel_steps;0
1783419182.728946;right_wheel_steps;0
1783419183.7285998;left_wheel_steps;0
1783419183.7288172;right_wheel_steps;0
1783419184.7285392;left_wheel_steps;0
1783419184.7287185;right_wheel_steps;0
1783419185.7288508;left_wheel_steps;0
1783419185.7290876;right_wheel_steps;0
1783419186.7286494;left_wheel_steps;0
1783419186.728892;right_wheel_steps;0
1783419187.7285476;left_wheel_steps;0
1783419187.7287533;right_wheel_steps;0
1783419188.728591;left_wheel_steps;0
1783419188.7288444;right_wheel_steps;0
1783419189.7286036;left_wheel_steps;0
1783419189.7288773;right_wheel_steps;0
1783419190.7285829;left_wheel_steps;0
1783419190.728824;right_wheel_steps;0
1783419191.7285602;left_wheel_steps;0
1783419191.7288039;right_wheel_steps;0
1783419192.7286088;left_wheel_steps;0
1783419192.7288713;right_wheel_steps;0
1783419193.7285926;left_wheel_steps;0
1783419193.7288501;right_wheel_steps;0
1783419194.7286294;left_wheel_steps;0
1783419194.728898;right_wheel_steps;0
1783419195.7285933;left_wheel_steps;0
1783419195.7288597;right_wheel_steps;0
1783419196.7285671;left_wheel_steps;0
1783419196.7288;right_wheel_steps;0
1783419197.728578;left_wheel_steps;0
1783419197.7288375;right_wheel_steps;0
1783419198.7286355;left_wheel_steps;0
1783419198.7288847;right_wheel_steps;0
1783419199.7285607;left_wheel_steps;0
1783419199.7288032;right_wheel_steps;0
1783419200.7285542;left_wheel_steps;0
1783419200.728816;right_wheel_steps;0
1783419201.7285957;left_wheel_steps;0
1783419201.7288337;right_wheel_steps;0
1783419202.7285864;left_wheel_steps;0
1783419202.7288187;right_wheel_steps;0
1783419203.7285898;left_wheel_steps;0
1783419203.7288167;right_wheel_steps;0
1783419204.7285984;left_wheel_steps;0
1783419204.7288365;right_wheel_steps;0
1783419205.7285824;left_wheel_steps;0
1783419205.7287655;right_wheel_steps;0
1783419206.728609;left_wheel_steps;0
1783419206.728852;right_wheel_steps;0
1783419207.7284186;left_wheel_steps;0
1783419207.7286084;right_wheel_steps;0
1783419208.7285643;left_wheel_steps;0
1783419208.7287686;right_wheel_steps;0
1783419209.7286057;left_wheel_steps;0
1783419209.7288516;right_wheel_steps;0
1783419210.7286296;left_wheel_steps;0
1783419210.7288957;right_wheel_steps;0
1783419211.7285433;left_wheel_steps;0
1783419211.7287424;right_wheel_steps;0
1783419212.7285802;left_wheel_steps;0
1783419212.7288277;right_wheel_steps;0
1783419213.7286167;left_wheel_steps;0
1783419213.7288668;right_wheel_steps;0
1783419214.728626;left_wheel_steps;0
1783419214.728862;right_wheel_steps;0
1783419215.728544;left_wheel_steps;0
1783419215.7287362;right_wheel_steps;0
1783419216.728608;left_wheel_steps;0
1783419216.728858;right_wheel_steps;0
1783419217.7286124;left_wheel_steps;0
1783419217.728871;right_wheel_steps;0
1783419218.7286236;left_wheel_steps;0
1783419218.7288775;right_wheel_steps;0
1783419219.728571;left_wheel_steps;0
1783419219.7288127;right_wheel_steps;0
1783419220.7285707;left_wheel_steps;0
1783419220.7288237;right_wheel_steps;0
1783419221.7286212;left_wheel_steps;0
1783419221.7288654;right_wheel_steps;0
1783419222.7286391;left_wheel_steps;0
1783419222.7288828;right_wheel_steps;0
1783419223.7285707;left_wheel_steps;0
1783419223.728816;right_wheel_steps;0
1783419224.7286355;left_wheel_steps;0
1783419224.7288842;right_wheel_steps;0
1783419225.7285905;left_wheel_steps;0
1783419225.728836;right_wheel_steps;0
1783419226.7286053;left_wheel_steps;0
1783419226.72882;right_wheel_steps;0
1783419227.7285953;left_wheel_steps;0
1783419227.7288358;right_wheel_steps;0
1783419228.7286334;left_wheel_steps;0
1783419228.728864;right_wheel_steps;0
1783419229.7286468;left_wheel_steps;0
1783419229.7288907;right_wheel_steps;0
1783419230.72869;left_wheel_steps;0
1783419230.728944;right_wheel_steps;0
1783419231.728616;left_wheel_steps;0
1783419231.7288473;right_wheel_steps;0
1783419232.7286541;left_wheel_steps;0
1783419232.728893;right_wheel_steps;0
1783419233.7286627;left_wheel_steps;0
1783419233.7288892;right_wheel_steps;0
1783419234.728675;left_wheel_steps;0
1783419234.7289083;right_wheel_steps;0
1783419235.7286427;left_wheel_steps;0
1783419235.7288792;right_wheel_steps;0
1783419236.7286725;left_wheel_steps;0
1783419236.7289128;right_wheel_steps;0
1783419237.7284544;left_wheel_steps;0
1783419237.7287464;right_wheel_steps;0
1783419238.728725;left_wheel_steps;0
1783419238.728977;right_wheel_steps;0
1783419239.7285774;left_wheel_steps;0
1783419239.7288902;right_wheel_steps;0
1783419240.7285998;left_wheel_steps;0
1783419240.7289395;right_wheel_steps;0
1783419241.7285767;left_wheel_steps;0
1783419241.728913;right_wheel_steps;0
1783419242.7286234;left_wheel_steps;0
1783419242.7289817;right_wheel_steps;0
1783419243.72855;left_wheel_steps;0
1783419243.7287717;right_wheel_steps;0
1783419244.728594;left_wheel_steps;0
1783419244.728856;right_wheel_steps;0
1783419245.7285845;left_wheel_steps;0
1783419245.7288473;right_wheel_steps;0
1783419246.7286415;left_wheel_steps;0
1783419246.7288985;right_wheel_steps;0
1783419247.7285974;left_wheel_steps;0
1783419247.728828;right_wheel_steps;0
1783419248.7286189;left_wheel_steps;0
1783419248.7288578;right_wheel_steps;0
1783419249.7286243;left_wheel_steps;0
1783419249.7288587;right_wheel_steps;0
1783419250.7286458;left_wheel_steps;0
1783419250.7288766;right_wheel_steps;0
1783419251.7285843;left_wheel_steps;0
1783419251.7288132;right_wheel_steps;0
1783419252.7286236;left_wheel_steps;0
1783419252.728893;right_wheel_steps;0
1783419253.7285836;left_wheel_steps;0
1783419253.7288277;right_wheel_steps;0
1783419254.728608;left_wheel_steps;0
1783419254.7288435;right_wheel_steps;0
1783419255.728672;left_wheel_steps;0
1783419255.7289069;right_wheel_steps;0
1783419256.7286103;left_wheel_steps;0
1783419256.7288492;right_wheel_steps;0
1783419257.728639;left_wheel_steps;0
1783419257.7288864;right_wheel_steps;0
1783419258.7286415;left_wheel_steps;0
1783419258.7288868;right_wheel_steps;0
1783419259.7285948;left_wheel_steps;0
1783419259.7288148;right_wheel_steps;0
1783419260.7286599;left_wheel_steps;0
1783419260.728904;right_wheel_steps;0
1783419261.7286644;left_wheel_steps;0
1783419261.728905;right_wheel_steps;0
1783419262.7286;left_wheel_steps;0
1783419262.7287762;right_wheel_steps;0
1783419263.7288394;left_wheel_steps;0
1783419263.7290533;right_wheel_steps;0
1783419264.7283847;left_wheel_steps;0
1783419264.7285416;right_wheel_steps;0
1783419265.7285638;left_wheel_steps;0
1783419265.7288036;right_wheel_steps;0
1783419266.7286143;left_wheel_steps;0
1783419266.7288527;right_wheel_steps;0
1783419267.7284377;left_wheel_steps;0
1783419267.728658;right_wheel_steps;0
1783419268.7285862;left_wheel_steps;0
1783419268.7287726;right_wheel_steps;0
1783419269.7286096;left_wheel_steps;0
1783419269.7288482;right_wheel_steps;0
1783419270.7286208;left_wheel_steps;0
1783419270.728883;right_wheel_steps;0
1783419271.728566;left_wheel_steps;0
1783419271.728822;right_wheel_steps;0
1783419272.7285647;left_wheel_steps;0
1783419272.7288282;right_wheel_steps;0
1783419273.7286375;left_wheel_steps;0
1783419273.728988;right_wheel_steps;0
1783419274.7286303;left_wheel_steps;0
1783419274.7288933;right_wheel_steps;0
1783419275.7285442;left_wheel_steps;0
1783419275.7287633;right_wheel_steps;0
1783419276.728631;left_wheel_steps;0
1783419276.7288911;right_wheel_steps;0
1783419277.7286065;left_wheel_steps;0
1783419277.7288666;right_wheel_steps;0
1783419278.7286065;left_wheel_steps;0
1783419278.728891;right_wheel_steps;0
1783419279.728597;left_wheel_steps;0
1783419279.7288492;right_wheel_steps;0
1783419280.7285883;left_wheel_steps;0
1783419280.7288513;right_wheel_steps;0
1783419281.7286153;left_wheel_steps;0
1783419281.7288628;right_wheel_steps;0
1783419282.7286317;left_wheel_steps;0
1783419282.7289023;right_wheel_steps;0
1783419283.7285588;left_wheel_steps;0
1783419283.7287793;right_wheel_steps;0
1783419284.728627;left_wheel_steps;0
1783419284.7288978;right_wheel_steps;0
1783419285.7285814;left_wheel_steps;0
1783419285.7288451;right_wheel_steps;0
1783419286.728613;left_wheel_steps;0
1783419286.7288783;right_wheel_steps;0
1783419287.7286055;left_wheel_steps;0
1783419287.7288759;right_wheel_steps;0
1783419288.728596;left_wheel_steps;0
1783419288.7288597;right_wheel_steps;0
1783419289.7286453;left_wheel_steps;0
1783419289.7289064;right_wheel_steps;0
1783419290.7286139;left_wheel_steps;0
1783419290.728865;right_wheel_steps;0
1783419291.7285242;left_wheel_steps;0
1783419291.7287376;right_wheel_steps;0
1783419292.728588;left_wheel_steps;0
1783419292.7288382;right_wheel_steps;0
1783419293.7286174;left_wheel_steps;0
1783419293.72887;right_wheel_steps;0
1783419294.7286246;left_wheel_steps;0
1783419294.728903;right_wheel_steps;0
1783419295.7285497;left_wheel_steps;0
1783419295.728775;right_wheel_steps;0
1783419296.728612;left_wheel_steps;0
1783419296.7288609;right_wheel_steps;0
1783419297.7284305;left_wheel_steps;0
1783419297.7286487;right_wheel_steps;0
1783419298.7286122;left_wheel_steps;0
1783419298.728881;right_wheel_steps;0
1783419299.7286258;left_wheel_steps;0
1783419299.728875;right_wheel_steps;0
1783419300.7285967;left_wheel_steps;0
1783419300.7288609;right_wheel_steps;0
1783419301.72861;left_wheel_steps;0
1783419301.72886;right_wheel_steps;0
1783419302.7286148;left_wheel_steps;0
1783419302.7288725;right_wheel_steps;0
1783419303.7285695;left_wheel_steps;0
1783419303.7288187;right_wheel_steps;0
1783419304.7286277;left_wheel_steps;0
1783419304.728898;right_wheel_steps;0
1783419305.728621;left_wheel_steps;0
1783419305.728869;right_wheel_steps;0
1783419306.7286134;left_wheel_steps;0
1783419306.7288613;right_wheel_steps;0
1783419307.728671;left_wheel_steps;0
1783419307.7289135;right_wheel_steps;0
1783419308.728653;left_wheel_steps;0
1783419308.728915;right_wheel_steps;0
1783419309.7286668;left_wheel_steps;0
1783419309.7289298;right_wheel_steps;0
1783419310.7286153;left_wheel_steps;0
1783419310.728832;right_wheel_steps;0
1783419311.7285545;left_wheel_steps;0
1783419311.7287579;right_wheel_steps;0
1783419312.72864;left_wheel_steps;0
1783419312.728874;right_wheel_steps;0
1783419313.728665;left_wheel_steps;0
1783419313.7289152;right_wheel_steps;0
1783419314.72869;left_wheel_steps;0
1783419314.7289438;right_wheel_steps;0
1783419315.728575;left_wheel_steps;0
1783419315.7288196;right_wheel_steps;0
1783419316.728568;left_wheel_steps;0
1783419316.7288105;right_wheel_steps;0
1783419317.7285821;left_wheel_steps;0
1783419317.7288175;right_wheel_steps;0
1783419318.728611;left_wheel_steps;0
1783419318.7288504;right_wheel_steps;0
1783419319.728533;left_wheel_steps;0
1783419319.7287376;right_wheel_steps;0
1783419320.7286808;left_wheel_steps;0
1783419320.7289307;right_wheel_steps;0
1783419321.7285972;left_wheel_steps;0
1783419321.7289336;right_wheel_steps;0
1783419322.728607;left_wheel_steps;0
1783419322.7288673;right_wheel_steps;0
1783419323.7285557;left_wheel_steps;0
1783419323.728776;right_wheel_steps;0
1783419324.7286067;left_wheel_steps;0
1783419324.728864;right_wheel_steps;0
1783419325.7285557;left_wheel_steps;0
1783419325.7288084;right_wheel_steps;0
1783419326.7286649;left_wheel_steps;0
1783419326.7289236;right_wheel_steps;0
1783419327.7285025;left_wheel_steps;0
1783419327.728719;right_wheel_steps;0
1783419328.728586;left_wheel_steps;0
1783419328.7288213;right_wheel_steps;0
1783419329.7286024;left_wheel_steps;0
1783419329.7288482;right_wheel_steps;0
1783419330.7286065;left_wheel_steps;0
1783419330.7288415;right_wheel_steps;0
1783419331.7286906;left_wheel_steps;0
1783419331.7289283;right_wheel_steps;0
1783419332.7286508;left_wheel_steps;0
1783419332.7288847;right_wheel_steps;0
1783419333.728714;left_wheel_steps;0
1783419333.7289548;right_wheel_steps;0
1783419334.7286897;left_wheel_steps;0
1783419334.7289236;right_wheel_steps;0
1783419335.7286453;left_wheel_steps;0
1783419335.7288961;right_wheel_steps;0
1783419336.7286286;left_wheel_steps;0
1783419336.7288952;right_wheel_steps;0
1783419337.7286594;left_wheel_steps;0
1783419337.728902;right_wheel_steps;0
1783419338.728686;left_wheel_steps;0
1783419338.7289264;right_wheel_steps;0
1783419339.7286053;left_wheel_steps;0
1783419339.7288158;right_wheel_steps;0
1783419340.7286222;left_wheel_steps;0
1783419340.7288358;right_wheel_steps;0
1783419341.728719;left_wheel_steps;0
1783419341.7290475;right_wheel_steps;0
1783419342.7286184;left_wheel_steps;0
1783419342.7288811;right_wheel_steps;0
1783419343.7285225;left_wheel_steps;0
1783419343.7287347;right_wheel_steps;0
1783419344.7285938;left_wheel_steps;0
1783419344.7288775;right_wheel_steps;0
1783419345.728592;left_wheel_steps;0
1783419345.7288558;right_wheel_steps;0
1783419346.7285967;left_wheel_steps;0
1783419346.7288606;right_wheel_steps;0
1783419347.728533;left_wheel_steps;0
1783419347.7287357;right_wheel_steps;0
1783419348.728601;left_wheel_steps;0
1783419348.7288446;right_wheel_steps;0
1783419349.728603;left_wheel_steps;0
1783419349.7288437;right_wheel_steps;0
1783419350.7286243;left_wheel_steps;0
1783419350.728864;right_wheel_steps;0
1783419351.7285903;left_wheel_steps;0
1783419351.7288246;right_wheel_steps;0
1783419352.728582;left_wheel_steps;0
1783419352.7287667;right_wheel_steps;0
1783419353.7285752;left_wheel_steps;0
1783419353.7288103;right_wheel_steps;0
1783419354.7286482;left_wheel_steps;0
1783419354.7288835;right_wheel_steps;0
1783419355.7285557;left_wheel_steps;0
1783419355.728774;right_wheel_steps;0
1783419356.7285752;left_wheel_steps;0
1783419356.728804;right_wheel_steps;0
